id,Rank_1_Lineage,Rank_2_Lineage,Rank_3_Lineage,Rank_4_Lineage,Rank_5_Lineage,overall_Lineage,Status,Status:colour
GCA_000008605,26,4,4,5,2,26-4-4-5-2,Reference,#000000
GCA_000017825,1,1,1,1,1,1-1-1-1-1,Reference,#000000
GCA_000024485,8,4,4,5,2,8-4-4-5-2,Reference,#000000
GCA_000246755,25,5,5,4,4,25-5-5-4-4,Reference,#000000
GCA_000246775,10,5,5,4,4,10-5-5-4-4,Reference,#000000
GCA_000246795,10,5,5,4,4,10-5-5-4-4,Reference,#000000
GCA_000246815,8,4,4,5,2,8-4-4-5-2,Reference,#000000
GCA_000387485,16,5,5,4,4,16-5-5-4-4,Reference,#000000
GCA_000410535,24,4,4,5,2,24-4-4-5-2,Reference,#000000
GCA_000604125,2,2,2,2,2,2-2-2-2-2,Reference,#000000
GCA_000813285,15,7,7,6,5,15-7-7-6-5,Reference,#000000
GCA_001628695,1,1,1,1,1,1-1-1-1-1,Reference,#000000
GCA_001655235,8,4,4,5,2,8-4-4-5-2,Reference,#000000
GCA_001655275,8,4,4,5,2,8-4-4-5-2,Reference,#000000
GCA_001655315,26,4,4,5,2,26-4-4-5-2,Reference,#000000
GCA_001655355,8,4,4,5,2,8-4-4-5-2,Reference,#000000
GCA_001655435,2,2,2,2,2,2-2-2-2-2,Reference,#000000
GCA_001655555,1,1,1,1,1,1-1-1-1-1,Reference,#000000
GCA_001712935,1,1,1,1,1,1-1-1-1-1,Reference,#000000
GCA_001713035,1,1,1,1,1,1-1-1-1-1,Reference,#000000
GCA_001713075,1,1,1,1,1,1-1-1-1-1,Reference,#000000
GCA_001941545,8,4,4,5,2,8-4-4-5-2,Reference,#000000
GCA_002271195,10,5,5,4,4,10-5-5-4-4,Reference,#000000
GCA_002271235,10,5,5,4,4,10-5-5-4-4,Reference,#000000
GCA_003076575,12,6,6,4,4,12-6-6-4-4,Reference,#000000
GCA_003611295,10,5,5,4,4,10-5-5-4-4,Reference,#000000
GCA_003611315,10,5,5,4,4,10-5-5-4-4,Reference,#000000
GCA_003627115,29,2,2,2,2,29-2-2-2-2,Reference,#000000
GCA_003952805,10,5,5,4,4,10-5-5-4-4,Reference,#000000
GCA_004194495,15,7,7,6,5,15-7-7-6-5,Reference,#000000
GCA_005311105,2,2,2,2,2,2-2-2-2-2,Reference,#000000
GCA_005311125,2,2,2,2,2,2-2-2-2-2,Reference,#000000
GCA_015239315,1,1,1,1,1,1-1-1-1-1,Reference,#000000
GCA_015239335,1,1,1,1,1,1-1-1-1-1,Reference,#000000
GCA_015239355,1,1,1,1,1,1-1-1-1-1,Reference,#000000
GCA_015239415,23,2,2,2,2,23-2-2-2-2,Reference,#000000
GCA_018200095,1,1,1,1,1,1-1-1-1-1,Reference,#000000
GCA_018200195,4,3,3,3,3,4-3-3-3-3,Reference,#000000
GCA_018200675,1,1,1,1,1,1-1-1-1-1,Reference,#000000
GCA_018200975,3,2,2,2,2,3-2-2-2-2,Reference,#000000
GCA_018201235,3,2,2,2,2,3-2-2-2-2,Reference,#000000
GCA_018201375,4,3,3,3,3,4-3-3-3-3,Reference,#000000
GCA_018202215,1,1,1,1,1,1-1-1-1-1,Reference,#000000
GCA_018202235,3,2,2,2,2,3-2-2-2-2,Reference,#000000
GCA_018202275,4,3,3,3,3,4-3-3-3-3,Reference,#000000
GCA_018202295,3,2,2,2,2,3-2-2-2-2,Reference,#000000
GCA_018202655,3,2,2,2,2,3-2-2-2-2,Reference,#000000
GCA_018202675,3,2,2,2,2,3-2-2-2-2,Reference,#000000
GCA_018202715,3,2,2,2,2,3-2-2-2-2,Reference,#000000
GCA_018202815,3,2,2,2,2,3-2-2-2-2,Reference,#000000
GCA_018202855,4,3,3,3,3,4-3-3-3-3,Reference,#000000
GCA_018202915,1,1,1,1,1,1-1-1-1-1,Reference,#000000
GCA_018202995,3,2,2,2,2,3-2-2-2-2,Reference,#000000
GCA_018203115,3,2,2,2,2,3-2-2-2-2,Reference,#000000
GCA_018203435,4,3,3,3,3,4-3-3-3-3,Reference,#000000
GCA_018203455,3,2,2,2,2,3-2-2-2-2,Reference,#000000
GCA_018203475,3,2,2,2,2,3-2-2-2-2,Reference,#000000
GCA_018203515,3,2,2,2,2,3-2-2-2-2,Reference,#000000
GCA_018203575,11,8,8,7,4,11-8-8-7-4,Reference,#000000
GCA_018203655,1,1,1,1,1,1-1-1-1-1,Reference,#000000
GCA_018203675,1,1,1,1,1,1-1-1-1-1,Reference,#000000
GCA_018204015,1,1,1,1,1,1-1-1-1-1,Reference,#000000
GCA_018204215,20,7,7,6,5,20-7-7-6-5,Reference,#000000
GCA_018204835,20,7,7,6,5,20-7-7-6-5,Reference,#000000
GCA_018205095,20,7,7,6,5,20-7-7-6-5,Reference,#000000
GCA_018205175,20,7,7,6,5,20-7-7-6-5,Reference,#000000
GCA_018205735,2,2,2,2,2,2-2-2-2-2,Reference,#000000
GCA_023016345,22,10,4,5,2,22-10-4-5-2,Reference,#000000
GCA_023016365,22,10,4,5,2,22-10-4-5-2,Reference,#000000
GCA_023016385,26,4,4,5,2,26-4-4-5-2,Reference,#000000
GCA_023016405,24,4,4,5,2,24-4-4-5-2,Reference,#000000
GCA_023016425,24,4,4,5,2,24-4-4-5-2,Reference,#000000
GCA_023016445,22,10,4,5,2,22-10-4-5-2,Reference,#000000
GCA_023116935,15,7,7,6,5,15-7-7-6-5,Reference,#000000
GCA_024971635,8,4,4,5,2,8-4-4-5-2,Reference,#000000
GCA_025201015,2,2,2,2,2,2-2-2-2-2,Reference,#000000
GCA_025201035,1,1,1,1,1,1-1-1-1-1,Reference,#000000
GCA_025201155,2,2,2,2,2,2-2-2-2-2,Reference,#000000
GCA_025201175,2,2,2,2,2,2-2-2-2-2,Reference,#000000
GCA_025201255,1,1,1,1,1,1-1-1-1-1,Reference,#000000
GCA_025201275,1,1,1,1,1,1-1-1-1-1,Reference,#000000
GCA_025201295,2,2,2,2,2,2-2-2-2-2,Reference,#000000
GCA_025398535,1,1,1,1,1,1-1-1-1-1,Reference,#000000
GCA_025398595,1,1,1,1,1,1-1-1-1-1,Reference,#000000
GCA_025398615,1,1,1,1,1,1-1-1-1-1,Reference,#000000
GCA_026240715,4,3,3,3,3,4-3-3-3-3,Reference,#000000
GCA_026240735,3,2,2,2,2,3-2-2-2-2,Reference,#000000
GCA_026409145,3,2,2,2,2,3-2-2-2-2,Reference,#000000
GCA_026409405,4,3,3,3,3,4-3-3-3-3,Reference,#000000
GCA_026409425,4,3,3,3,3,4-3-3-3-3,Reference,#000000
GCA_026409465,3,2,2,2,2,3-2-2-2-2,Reference,#000000
GCA_026409485,4,3,3,3,3,4-3-3-3-3,Reference,#000000
GCA_026409505,1,1,1,1,1,1-1-1-1-1,Reference,#000000
GCA_026409585,3,2,2,2,2,3-2-2-2-2,Reference,#000000
GCA_026409625,3,2,2,2,2,3-2-2-2-2,Reference,#000000
GCA_026409645,3,2,2,2,2,3-2-2-2-2,Reference,#000000
GCA_026409665,3,2,2,2,2,3-2-2-2-2,Reference,#000000
GCA_026409685,3,2,2,2,2,3-2-2-2-2,Reference,#000000
GCA_026409705,3,2,2,2,2,3-2-2-2-2,Reference,#000000
GCA_026409725,3,2,2,2,2,3-2-2-2-2,Reference,#000000
GCA_026409745,3,2,2,2,2,3-2-2-2-2,Reference,#000000
GCA_026409765,3,2,2,2,2,3-2-2-2-2,Reference,#000000
GCA_026409785,3,2,2,2,2,3-2-2-2-2,Reference,#000000
GCA_026409805,3,2,2,2,2,3-2-2-2-2,Reference,#000000
GCA_026409905,3,2,2,2,2,3-2-2-2-2,Reference,#000000
GCA_026409925,3,2,2,2,2,3-2-2-2-2,Reference,#000000
GCA_026409965,3,2,2,2,2,3-2-2-2-2,Reference,#000000
GCA_026409985,3,2,2,2,2,3-2-2-2-2,Reference,#000000
GCA_026410005,3,2,2,2,2,3-2-2-2-2,Reference,#000000
GCA_026410025,3,2,2,2,2,3-2-2-2-2,Reference,#000000
GCA_027568715,1,1,1,1,1,1-1-1-1-1,Reference,#000000
GCA_027568855,2,2,2,2,2,2-2-2-2-2,Reference,#000000
GCA_027626075,2,2,2,2,2,2-2-2-2-2,Reference,#000000
GCA_027626315,2,2,2,2,2,2-2-2-2-2,Reference,#000000
GCA_027626335,2,2,2,2,2,2-2-2-2-2,Reference,#000000
GCA_027626355,2,2,2,2,2,2-2-2-2-2,Reference,#000000
GCA_027626375,2,2,2,2,2,2-2-2-2-2,Reference,#000000
GCA_027626395,1,1,1,1,1,1-1-1-1-1,Reference,#000000
GCA_027626415,1,1,1,1,1,1-1-1-1-1,Reference,#000000
GCA_027626455,1,1,1,1,1,1-1-1-1-1,Reference,#000000
GCA_027626495,1,1,1,1,1,1-1-1-1-1,Reference,#000000
GCA_027626555,19,2,2,2,2,19-2-2-2-2,Reference,#000000
GCA_027626635,2,2,2,2,2,2-2-2-2-2,Reference,#000000
GCA_027626655,2,2,2,2,2,2-2-2-2-2,Reference,#000000
GCA_027626755,2,2,2,2,2,2-2-2-2-2,Reference,#000000
GCA_027626855,1,1,1,1,1,1-1-1-1-1,Reference,#000000
GCA_028022675,1,1,1,1,1,1-1-1-1-1,Reference,#000000
GCA_029281385,1,1,1,1,1,1-1-1-1-1,Reference,#000000
GCA_029866565,12,6,6,4,4,12-6-6-4-4,Reference,#000000
GCA_029866585,12,6,6,4,4,12-6-6-4-4,Reference,#000000
GCA_029866605,14,6,6,4,4,14-6-6-4-4,Reference,#000000
GCA_029866645,14,6,6,4,4,14-6-6-4-4,Reference,#000000
GCA_029866665,14,6,6,4,4,14-6-6-4-4,Reference,#000000
GCA_029866685,14,6,6,4,4,14-6-6-4-4,Reference,#000000
GCA_029866705,12,6,6,4,4,12-6-6-4-4,Reference,#000000
GCA_029866725,14,6,6,4,4,14-6-6-4-4,Reference,#000000
GCA_029866745,12,6,6,4,4,12-6-6-4-4,Reference,#000000
GCA_029866765,12,6,6,4,4,12-6-6-4-4,Reference,#000000
GCA_029958405,2,2,2,2,2,2-2-2-2-2,Reference,#000000
GCA_029958425,2,2,2,2,2,2-2-2-2-2,Reference,#000000
GCA_029958445,1,1,1,1,1,1-1-1-1-1,Reference,#000000
GCA_029958465,1,1,1,1,1,1-1-1-1-1,Reference,#000000
GCA_029958485,2,2,2,2,2,2-2-2-2-2,Reference,#000000
GCA_029958505,1,1,1,1,1,1-1-1-1-1,Reference,#000000
GCA_029958525,2,2,2,2,2,2-2-2-2-2,Reference,#000000
GCA_029958545,2,2,2,2,2,2-2-2-2-2,Reference,#000000
GCA_029958565,2,2,2,2,2,2-2-2-2-2,Reference,#000000
GCA_029958585,2,2,2,2,2,2-2-2-2-2,Reference,#000000
GCA_029958605,2,2,2,2,2,2-2-2-2-2,Reference,#000000
GCA_029958625,2,2,2,2,2,2-2-2-2-2,Reference,#000000
GCA_029958645,2,2,2,2,2,2-2-2-2-2,Reference,#000000
GCA_029958665,2,2,2,2,2,2-2-2-2-2,Reference,#000000
GCA_029958685,2,2,2,2,2,2-2-2-2-2,Reference,#000000
GCA_029958705,2,2,2,2,2,2-2-2-2-2,Reference,#000000
GCA_029958785,1,1,1,1,1,1-1-1-1-1,Reference,#000000
GCA_029958845,1,1,1,1,1,1-1-1-1-1,Reference,#000000
GCA_030008235,2,2,2,2,2,2-2-2-2-2,Reference,#000000
GCA_030008255,2,2,2,2,2,2-2-2-2-2,Reference,#000000
GCA_030008275,1,1,1,1,1,1-1-1-1-1,Reference,#000000
GCA_030008295,2,2,2,2,2,2-2-2-2-2,Reference,#000000
GCA_030008675,1,1,1,1,1,1-1-1-1-1,Reference,#000000
GCA_030008735,1,1,1,1,1,1-1-1-1-1,Reference,#000000
GCA_030008775,2,2,2,2,2,2-2-2-2-2,Reference,#000000
GCA_030028315,2,2,2,2,2,2-2-2-2-2,Reference,#000000
GCA_030384645,2,2,2,2,2,2-2-2-2-2,Reference,#000000
GCA_030451325,2,2,2,2,2,2-2-2-2-2,Reference,#000000
GCA_032599245,6,2,2,2,2,6-2-2-2-2,Reference,#000000
GCA_032599285,1,1,1,1,1,1-1-1-1-1,Reference,#000000
GCA_032599305,3,2,2,2,2,3-2-2-2-2,Reference,#000000
GCA_032918045,2,2,2,2,2,2-2-2-2-2,Reference,#000000
GCA_032918085,2,2,2,2,2,2-2-2-2-2,Reference,#000000
GCA_032918125,1,1,1,1,1,1-1-1-1-1,Reference,#000000
GCA_034093335,1,1,1,1,1,1-1-1-1-1,Reference,#000000
GCA_034093355,2,2,2,2,2,2-2-2-2-2,Reference,#000000
GCA_034093395,6,2,2,2,2,6-2-2-2-2,Reference,#000000
GCA_034093415,1,1,1,1,1,1-1-1-1-1,Reference,#000000
GCA_034093435,1,1,1,1,1,1-1-1-1-1,Reference,#000000
GCA_034095755,3,2,2,2,2,3-2-2-2-2,Reference,#000000
GCA_034096755,1,1,1,1,1,1-1-1-1-1,Reference,#000000
GCA_034096775,1,1,1,1,1,1-1-1-1-1,Reference,#000000
GCA_034096795,1,1,1,1,1,1-1-1-1-1,Reference,#000000
GCA_034096825,2,2,2,2,2,2-2-2-2-2,Reference,#000000
GCA_034096845,1,1,1,1,1,1-1-1-1-1,Reference,#000000
GCA_034096885,2,2,2,2,2,2-2-2-2-2,Reference,#000000
GCA_034096945,2,2,2,2,2,2-2-2-2-2,Reference,#000000
GCA_034097015,1,1,1,1,1,1-1-1-1-1,Reference,#000000
GCA_034097075,2,2,2,2,2,2-2-2-2-2,Reference,#000000
GCA_034097095,2,2,2,2,2,2-2-2-2-2,Reference,#000000
GCA_034097295,2,2,2,2,2,2-2-2-2-2,Reference,#000000
GCA_034097315,21,2,2,2,2,21-2-2-2-2,Reference,#000000
GCA_034097335,1,1,1,1,1,1-1-1-1-1,Reference,#000000
GCA_900291945,16,5,5,4,4,16-5-5-4-4,Reference,#000000
GCA_900298905,16,5,5,4,4,16-5-5-4-4,Reference,#000000
GCA_900298965,16,5,5,4,4,16-5-5-4-4,Reference,#000000
GCA_900298975,16,5,5,4,4,16-5-5-4-4,Reference,#000000
GCA_903234195,11,8,8,7,4,11-8-8-7-4,Reference,#000000
GCA_903234205,11,8,8,7,4,11-8-8-7-4,Reference,#000000
ERR3684450,1,1,1,1,1,1-1-1-1-1,Reference,#000000
ERR3684451,9,1,1,1,1,9-1-1-1-1,Reference,#000000
ERR3684452,7,2,2,2,2,7-2-2-2-2,Reference,#000000
ERR3684453,7,2,2,2,2,7-2-2-2-2,Reference,#000000
ERR3684454,7,2,2,2,2,7-2-2-2-2,Reference,#000000
ERR3684456,1,1,1,1,1,1-1-1-1-1,Reference,#000000
ERR3684457,6,2,2,2,2,6-2-2-2-2,Reference,#000000
ERR3684458,18,2,2,2,2,18-2-2-2-2,Reference,#000000
ERR3684460,1,1,1,1,1,1-1-1-1-1,Reference,#000000
ERR3684466,7,2,2,2,2,7-2-2-2-2,Reference,#000000
ERR3684467,6,2,2,2,2,6-2-2-2-2,Reference,#000000
ERR3684469,6,2,2,2,2,6-2-2-2-2,Reference,#000000
ERR3684470,6,2,2,2,2,6-2-2-2-2,Reference,#000000
ERR3684471,2,2,2,2,2,2-2-2-2-2,Reference,#000000
ERR3684472,7,2,2,2,2,7-2-2-2-2,Reference,#000000
ERR3684473,2,2,2,2,2,2-2-2-2-2,Reference,#000000
ERR3684474,18,2,2,2,2,18-2-2-2-2,Reference,#000000
ERR3684475,6,2,2,2,2,6-2-2-2-2,Reference,#000000
ERR3684476,18,2,2,2,2,18-2-2-2-2,Reference,#000000
ERR3684477,18,2,2,2,2,18-2-2-2-2,Reference,#000000
ERR3684478,6,2,2,2,2,6-2-2-2-2,Reference,#000000
ERR3684479,6,2,2,2,2,6-2-2-2-2,Reference,#000000
ERR3684480,28,1,1,1,1,28-1-1-1-1,Reference,#000000
ERR3684482,1,1,1,1,1,1-1-1-1-1,Reference,#000000
ERR3684483,7,2,2,2,2,7-2-2-2-2,Reference,#000000
ERR3684484,6,2,2,2,2,6-2-2-2-2,Reference,#000000
ERR3684485,1,1,1,1,1,1-1-1-1-1,Reference,#000000
ERR3684489,1,1,1,1,1,1-1-1-1-1,Reference,#000000
ERR3684491,6,2,2,2,2,6-2-2-2-2,Reference,#000000
ERR3684492,7,2,2,2,2,7-2-2-2-2,Reference,#000000
ERR3684493,6,2,2,2,2,6-2-2-2-2,Reference,#000000
ERR3684495,1,1,1,1,1,1-1-1-1-1,Reference,#000000
ERR3684497,1,1,1,1,1,1-1-1-1-1,Reference,#000000
ERR3684498,1,1,1,1,1,1-1-1-1-1,Reference,#000000
ERR3684499,1,1,1,1,1,1-1-1-1-1,Reference,#000000
ERR3684500,1,1,1,1,1,1-1-1-1-1,Reference,#000000
ERR3684501,1,1,1,1,1,1-1-1-1-1,Reference,#000000
ERR3684502,1,1,1,1,1,1-1-1-1-1,Reference,#000000
ERR3684507,1,1,1,1,1,1-1-1-1-1,Reference,#000000
ERR3684509,1,1,1,1,1,1-1-1-1-1,Reference,#000000
ERR3684510,1,1,1,1,1,1-1-1-1-1,Reference,#000000
ERR3684511,5,1,1,1,1,5-1-1-1-1,Reference,#000000
ERR3684512,1,1,1,1,1,1-1-1-1-1,Reference,#000000
ERR3684515,5,1,1,1,1,5-1-1-1-1,Reference,#000000
ERR3684517,1,1,1,1,1,1-1-1-1-1,Reference,#000000
ERR3684519,5,1,1,1,1,5-1-1-1-1,Reference,#000000
ERR3684520,1,1,1,1,1,1-1-1-1-1,Reference,#000000
ERR3684521,5,1,1,1,1,5-1-1-1-1,Reference,#000000
ERR3684522,1,1,1,1,1,1-1-1-1-1,Reference,#000000
ERR3684523,1,1,1,1,1,1-1-1-1-1,Reference,#000000
ERR3684524,1,1,1,1,1,1-1-1-1-1,Reference,#000000
ERR3684525,1,1,1,1,1,1-1-1-1-1,Reference,#000000
ERR3684526,1,1,1,1,1,1-1-1-1-1,Reference,#000000
ERR3684528,1,1,1,1,1,1-1-1-1-1,Reference,#000000
ERR3684530,1,1,1,1,1,1-1-1-1-1,Reference,#000000
ERR3684531,1,1,1,1,1,1-1-1-1-1,Reference,#000000
ERR3684533,1,1,1,1,1,1-1-1-1-1,Reference,#000000
ERR3684534,1,1,1,1,1,1-1-1-1-1,Reference,#000000
ERR3684535,5,1,1,1,1,5-1-1-1-1,Reference,#000000
ERR3684537,1,1,1,1,1,1-1-1-1-1,Reference,#000000
ERR3684538,1,1,1,1,1,1-1-1-1-1,Reference,#000000
ERR3684540,1,1,1,1,1,1-1-1-1-1,Reference,#000000
ERR3684542,1,1,1,1,1,1-1-1-1-1,Reference,#000000
ERR3684544,1,1,1,1,1,1-1-1-1-1,Reference,#000000
ERR3684547,1,1,1,1,1,1-1-1-1-1,Reference,#000000
ERR3684548,1,1,1,1,1,1-1-1-1-1,Reference,#000000
ERR3684550,1,1,1,1,1,1-1-1-1-1,Reference,#000000
ERR3684551,1,1,1,1,1,1-1-1-1-1,Reference,#000000
ERR3684552,1,1,1,1,1,1-1-1-1-1,Reference,#000000
ERR3684553,1,1,1,1,1,1-1-1-1-1,Reference,#000000
ERR3684555,1,1,1,1,1,1-1-1-1-1,Reference,#000000
ERR3684556,1,1,1,1,1,1-1-1-1-1,Reference,#000000
ERR3684557,5,1,1,1,1,5-1-1-1-1,Reference,#000000
ERR3684558,5,1,1,1,1,5-1-1-1-1,Reference,#000000
ERR3684560,1,1,1,1,1,1-1-1-1-1,Reference,#000000
ERR3684564,5,1,1,1,1,5-1-1-1-1,Reference,#000000
ERR3684565,1,1,1,1,1,1-1-1-1-1,Reference,#000000
ERR3684568,1,1,1,1,1,1-1-1-1-1,Reference,#000000
ERR3684569,1,1,1,1,1,1-1-1-1-1,Reference,#000000
ERR3684571,1,1,1,1,1,1-1-1-1-1,Reference,#000000
ERR3684572,5,1,1,1,1,5-1-1-1-1,Reference,#000000
ERR3684573,5,1,1,1,1,5-1-1-1-1,Reference,#000000
ERR3684574,1,1,1,1,1,1-1-1-1-1,Reference,#000000
ERR3684575,1,1,1,1,1,1-1-1-1-1,Reference,#000000
ERR3684576,1,1,1,1,1,1-1-1-1-1,Reference,#000000
ERR3684577,9,1,1,1,1,9-1-1-1-1,Reference,#000000
ERR3684580,1,1,1,1,1,1-1-1-1-1,Reference,#000000
ERR3684582,1,1,1,1,1,1-1-1-1-1,Reference,#000000
ERR3684583,1,1,1,1,1,1-1-1-1-1,Reference,#000000
ERR3684584,1,1,1,1,1,1-1-1-1-1,Reference,#000000
ERR3684585,1,1,1,1,1,1-1-1-1-1,Reference,#000000
ERR3684599,1,1,1,1,1,1-1-1-1-1,Reference,#000000
ERR3684600,1,1,1,1,1,1-1-1-1-1,Reference,#000000
ERR3684610,1,1,1,1,1,1-1-1-1-1,Reference,#000000
ERR3684613,1,1,1,1,1,1-1-1-1-1,Reference,#000000
ERR3684615,1,1,1,1,1,1-1-1-1-1,Reference,#000000
ERR3684616,1,1,1,1,1,1-1-1-1-1,Reference,#000000
ERR3684618,1,1,1,1,1,1-1-1-1-1,Reference,#000000
ERR3684619,1,1,1,1,1,1-1-1-1-1,Reference,#000000
ERR3684620,1,1,1,1,1,1-1-1-1-1,Reference,#000000
ERR3684622,5,1,1,1,1,5-1-1-1-1,Reference,#000000
ERR3684623,1,1,1,1,1,1-1-1-1-1,Reference,#000000
ERR3684626,1,1,1,1,1,1-1-1-1-1,Reference,#000000
ERR3684642,1,1,1,1,1,1-1-1-1-1,Reference,#000000
ERR3684647,1,1,1,1,1,1-1-1-1-1,Reference,#000000
ERR3684652,1,1,1,1,1,1-1-1-1-1,Reference,#000000
ERR3684654,1,1,1,1,1,1-1-1-1-1,Reference,#000000
ERR3684661,1,1,1,1,1,1-1-1-1-1,Reference,#000000
ERR3684665,1,1,1,1,1,1-1-1-1-1,Reference,#000000
ERR3684666,1,1,1,1,1,1-1-1-1-1,Reference,#000000
ERR3684669,1,1,1,1,1,1-1-1-1-1,Reference,#000000
ERR3684695,5,1,1,1,1,5-1-1-1-1,Reference,#000000
ERR3684700,1,1,1,1,1,1-1-1-1-1,Reference,#000000
ERR3684706,1,1,1,1,1,1-1-1-1-1,Reference,#000000
ERR3684723,1,1,1,1,1,1-1-1-1-1,Reference,#000000
ERR3684725,1,1,1,1,1,1-1-1-1-1,Reference,#000000
ERR3684741,1,1,1,1,1,1-1-1-1-1,Reference,#000000
ERR4045378,1,1,1,1,1,1-1-1-1-1,Reference,#000000
ERR4045380,7,2,2,2,2,7-2-2-2-2,Reference,#000000
ERR4045381,7,2,2,2,2,7-2-2-2-2,Reference,#000000
ERR4045383,7,2,2,2,2,7-2-2-2-2,Reference,#000000
ERR4045387,1,1,1,1,1,1-1-1-1-1,Reference,#000000
ERR4045389,1,1,1,1,1,1-1-1-1-1,Reference,#000000
ERR4045390,1,1,1,1,1,1-1-1-1-1,Reference,#000000
ERR4045395,7,2,2,2,2,7-2-2-2-2,Reference,#000000
ERR4853527,5,1,1,1,1,5-1-1-1-1,Reference,#000000
ERR4853528,1,1,1,1,1,1-1-1-1-1,Reference,#000000
ERR4853529,1,1,1,1,1,1-1-1-1-1,Reference,#000000
ERR4853530,6,2,2,2,2,6-2-2-2-2,Reference,#000000
ERR4853531,6,2,2,2,2,6-2-2-2-2,Reference,#000000
ERR4853532,1,1,1,1,1,1-1-1-1-1,Reference,#000000
ERR4853533,1,1,1,1,1,1-1-1-1-1,Reference,#000000
ERR4853534,1,1,1,1,1,1-1-1-1-1,Reference,#000000
ERR4853535,1,1,1,1,1,1-1-1-1-1,Reference,#000000
ERR4853537,1,1,1,1,1,1-1-1-1-1,Reference,#000000
ERR4853540,6,2,2,2,2,6-2-2-2-2,Reference,#000000
ERR4853541,1,1,1,1,1,1-1-1-1-1,Reference,#000000
ERR4853543,1,1,1,1,1,1-1-1-1-1,Reference,#000000
ERR4853544,1,1,1,1,1,1-1-1-1-1,Reference,#000000
ERR4853545,5,1,1,1,1,5-1-1-1-1,Reference,#000000
ERR4853547,1,1,1,1,1,1-1-1-1-1,Reference,#000000
ERR4853550,1,1,1,1,1,1-1-1-1-1,Reference,#000000
ERR4853551,1,1,1,1,1,1-1-1-1-1,Reference,#000000
ERR4853553,1,1,1,1,1,1-1-1-1-1,Reference,#000000
ERR4853554,5,1,1,1,1,5-1-1-1-1,Reference,#000000
ERR4853555,1,1,1,1,1,1-1-1-1-1,Reference,#000000
ERR4853556,1,1,1,1,1,1-1-1-1-1,Reference,#000000
ERR4853559,1,1,1,1,1,1-1-1-1-1,Reference,#000000
ERR4853560,1,1,1,1,1,1-1-1-1-1,Reference,#000000
ERR4853561,1,1,1,1,1,1-1-1-1-1,Reference,#000000
ERR4853562,1,1,1,1,1,1-1-1-1-1,Reference,#000000
ERR4853565,1,1,1,1,1,1-1-1-1-1,Reference,#000000
ERR4853566,6,2,2,2,2,6-2-2-2-2,Reference,#000000
ERR4853568,27,4,4,5,2,27-4-4-5-2,Reference,#000000
ERR4853569,8,4,4,5,2,8-4-4-5-2,Reference,#000000
ERR4853570,2,2,2,2,2,2-2-2-2-2,Reference,#000000
ERR4853571,2,2,2,2,2,2-2-2-2-2,Reference,#000000
ERR4853572,29,2,2,2,2,29-2-2-2-2,Reference,#000000
ERR4853573,21,2,2,2,2,21-2-2-2-2,Reference,#000000
ERR4853577,9,1,1,1,1,9-1-1-1-1,Reference,#000000
ERR4853579,1,1,1,1,1,1-1-1-1-1,Reference,#000000
ERR4853580,1,1,1,1,1,1-1-1-1-1,Reference,#000000
ERR4853583,9,1,1,1,1,9-1-1-1-1,Reference,#000000
ERR4853584,1,1,1,1,1,1-1-1-1-1,Reference,#000000
ERR4853585,1,1,1,1,1,1-1-1-1-1,Reference,#000000
ERR4853586,5,1,1,1,1,5-1-1-1-1,Reference,#000000
ERR4853587,1,1,1,1,1,1-1-1-1-1,Reference,#000000
ERR4853588,1,1,1,1,1,1-1-1-1-1,Reference,#000000
ERR4853589,1,1,1,1,1,1-1-1-1-1,Reference,#000000
ERR4853590,5,1,1,1,1,5-1-1-1-1,Reference,#000000
ERR4853592,1,1,1,1,1,1-1-1-1-1,Reference,#000000
ERR4853593,1,1,1,1,1,1-1-1-1-1,Reference,#000000
ERR4853594,1,1,1,1,1,1-1-1-1-1,Reference,#000000
ERR4853596,1,1,1,1,1,1-1-1-1-1,Reference,#000000
ERR4853597,1,1,1,1,1,1-1-1-1-1,Reference,#000000
ERR4853598,1,1,1,1,1,1-1-1-1-1,Reference,#000000
ERR4853601,1,1,1,1,1,1-1-1-1-1,Reference,#000000
ERR4853602,9,1,1,1,1,9-1-1-1-1,Reference,#000000
ERR4853604,1,1,1,1,1,1-1-1-1-1,Reference,#000000
ERR4853605,1,1,1,1,1,1-1-1-1-1,Reference,#000000
ERR4853610,5,1,1,1,1,5-1-1-1-1,Reference,#000000
ERR4853611,17,1,1,1,1,17-1-1-1-1,Reference,#000000
ERR4853614,1,1,1,1,1,1-1-1-1-1,Reference,#000000
ERR4853615,1,1,1,1,1,1-1-1-1-1,Reference,#000000
ERR4853617,11,8,8,7,4,11-8-8-7-4,Reference,#000000
ERR4853620,1,1,1,1,1,1-1-1-1-1,Reference,#000000
ERR4853625,1,1,1,1,1,1-1-1-1-1,Reference,#000000
ERR4853631,1,1,1,1,1,1-1-1-1-1,Reference,#000000
ERR4853640,1,1,1,1,1,1-1-1-1-1,Reference,#000000
ERR4853641,1,1,1,1,1,1-1-1-1-1,Reference,#000000
ERR4853643,1,1,1,1,1,1-1-1-1-1,Reference,#000000
ERR4853645,1,1,1,1,1,1-1-1-1-1,Reference,#000000
ERR4853651,1,1,1,1,1,1-1-1-1-1,Reference,#000000
ERR4853652,5,1,1,1,1,5-1-1-1-1,Reference,#000000
ERR4853653,1,1,1,1,1,1-1-1-1-1,Reference,#000000
ERR4853661,1,1,1,1,1,1-1-1-1-1,Reference,#000000
ERR4853662,1,1,1,1,1,1-1-1-1-1,Reference,#000000
ERR4853663,1,1,1,1,1,1-1-1-1-1,Reference,#000000
ERR4853665,1,1,1,1,1,1-1-1-1-1,Reference,#000000
ERR4853666,1,1,1,1,1,1-1-1-1-1,Reference,#000000
ERR4853667,1,1,1,1,1,1-1-1-1-1,Reference,#000000
ERR4853668,1,1,1,1,1,1-1-1-1-1,Reference,#000000
ERR4853670,9,1,1,1,1,9-1-1-1-1,Reference,#000000
ERR4853671,1,1,1,1,1,1-1-1-1-1,Reference,#000000
ERR4853674,5,1,1,1,1,5-1-1-1-1,Reference,#000000
ERR4853676,1,1,1,1,1,1-1-1-1-1,Reference,#000000
ERR4853677,1,1,1,1,1,1-1-1-1-1,Reference,#000000
ERR4853679,1,1,1,1,1,1-1-1-1-1,Reference,#000000
ERR4853684,1,1,1,1,1,1-1-1-1-1,Reference,#000000
ERR4899197,1,1,1,1,1,1-1-1-1-1,Reference,#000000
ERR4899198,1,1,1,1,1,1-1-1-1-1,Reference,#000000
ERR4899200,17,1,1,1,1,17-1-1-1-1,Reference,#000000
ERR4899201,1,1,1,1,1,1-1-1-1-1,Reference,#000000
ERR4899202,1,1,1,1,1,1-1-1-1-1,Reference,#000000
ERR4899203,1,1,1,1,1,1-1-1-1-1,Reference,#000000
ERR4899204,1,1,1,1,1,1-1-1-1-1,Reference,#000000
ERR4899206,7,2,2,2,2,7-2-2-2-2,Reference,#000000
ERR4899209,2,2,2,2,2,2-2-2-2-2,Reference,#000000
ERR4899210,6,2,2,2,2,6-2-2-2-2,Reference,#000000
ERR4899211,11,8,8,7,4,11-8-8-7-4,Reference,#000000
ERR4899216,28,1,1,1,1,28-1-1-1-1,Reference,#000000
ERR4899217,2,2,2,2,2,2-2-2-2-2,Reference,#000000
ERR4899222,1,1,1,1,1,1-1-1-1-1,Reference,#000000
ERR4899224,1,1,1,1,1,1-1-1-1-1,Reference,#000000
ERR4899228,1,1,1,1,1,1-1-1-1-1,Reference,#000000
ERR4899230,1,1,1,1,1,1-1-1-1-1,Reference,#000000
ERR4899231,1,1,1,1,1,1-1-1-1-1,Reference,#000000
ERR4899236,1,1,1,1,1,1-1-1-1-1,Reference,#000000
ERR4899243,1,1,1,1,1,1-1-1-1-1,Reference,#000000
ERR4899245,21,2,2,2,2,21-2-2-2-2,Reference,#000000
ERR4993349,2,2,2,2,2,2-2-2-2-2,Reference,#000000
ERR4993350,1,1,1,1,1,1-1-1-1-1,Reference,#000000
ERR4993351,7,2,2,2,2,7-2-2-2-2,Reference,#000000
ERR4993352,5,1,1,1,1,5-1-1-1-1,Reference,#000000
ERR4993353,1,1,1,1,1,1-1-1-1-1,Reference,#000000
ERR4993354,6,2,2,2,2,6-2-2-2-2,Reference,#000000
ERR4993355,1,1,1,1,1,1-1-1-1-1,Reference,#000000
ERR4993356,1,1,1,1,1,1-1-1-1-1,Reference,#000000
ERR4993357,27,4,4,5,2,27-4-4-5-2,Reference,#000000
ERR4993358,1,1,1,1,1,1-1-1-1-1,Reference,#000000
ERR4993359,5,1,1,1,1,5-1-1-1-1,Reference,#000000
ERR4993360,10,5,5,4,4,10-5-5-4-4,Reference,#000000
ERR4993361,2,2,2,2,2,2-2-2-2-2,Reference,#000000
ERR4993362,6,2,2,2,2,6-2-2-2-2,Reference,#000000
ERR5206984,1,1,1,1,1,1-1-1-1-1,Reference,#000000
ERR5206990,1,1,1,1,1,1-1-1-1-1,Reference,#000000
ERR5207003,9,1,1,1,1,9-1-1-1-1,Reference,#000000
ERR5207005,1,1,1,1,1,1-1-1-1-1,Reference,#000000
ERR5207007,1,1,1,1,1,1-1-1-1-1,Reference,#000000
ERR5207008,5,1,1,1,1,5-1-1-1-1,Reference,#000000
ERR5207009,17,1,1,1,1,17-1-1-1-1,Reference,#000000
ERR5207010,1,1,1,1,1,1-1-1-1-1,Reference,#000000
ERR5207011,1,1,1,1,1,1-1-1-1-1,Reference,#000000
ERR5207012,1,1,1,1,1,1-1-1-1-1,Reference,#000000
ERR5207017,6,2,2,2,2,6-2-2-2-2,Reference,#000000
ERR5207018,1,1,1,1,1,1-1-1-1-1,Reference,#000000
ERR5207019,1,1,1,1,1,1-1-1-1-1,Reference,#000000
ERR5207020,2,2,2,2,2,2-2-2-2-2,Reference,#000000
ERR5207025,1,1,1,1,1,1-1-1-1-1,Reference,#000000
ERR5207026,5,1,1,1,1,5-1-1-1-1,Reference,#000000
ERR5207027,1,1,1,1,1,1-1-1-1-1,Reference,#000000
ERR5207029,1,1,1,1,1,1-1-1-1-1,Reference,#000000
ERR5207031,17,1,1,1,1,17-1-1-1-1,Reference,#000000
ERR5207032,5,1,1,1,1,5-1-1-1-1,Reference,#000000
ERR5207034,1,1,1,1,1,1-1-1-1-1,Reference,#000000
ERR5210563,6,2,2,2,2,6-2-2-2-2,Reference,#000000
ERR5210568,1,1,1,1,1,1-1-1-1-1,Reference,#000000
ERR5210569,1,1,1,1,1,1-1-1-1-1,Reference,#000000
ERR5210570,1,1,1,1,1,1-1-1-1-1,Reference,#000000
ERR5210572,1,1,1,1,1,1-1-1-1-1,Reference,#000000
ERR5210575,1,1,1,1,1,1-1-1-1-1,Reference,#000000
ERR5210576,1,1,1,1,1,1-1-1-1-1,Reference,#000000
ERR5210577,1,1,1,1,1,1-1-1-1-1,Reference,#000000
ERR5210578,1,1,1,1,1,1-1-1-1-1,Reference,#000000
ERR5210579,9,1,1,1,1,9-1-1-1-1,Reference,#000000
ERR5210581,5,1,1,1,1,5-1-1-1-1,Reference,#000000
ERR5210582,5,1,1,1,1,5-1-1-1-1,Reference,#000000
ERR5210583,15,7,7,6,5,15-7-7-6-5,Reference,#000000
ERR5210584,13,9,1,1,1,13-9-1-1-1,Reference,#000000
ERR7123576,6,2,2,2,2,6-2-2-2-2,Reference,#000000
ERR7123584,13,9,1,1,1,13-9-1-1-1,Reference,#000000
GCA_000304295,13,9,1,1,1,13-9-1-1-1,Reference,#000000
GCA_000410555,1,1,1,1,1,1-1-1-1-1,Reference,#000000
GCA_001655395,1,1,1,1,1,1-1-1-1-1,Reference,#000000
GCA_001655475,1,1,1,1,1,1-1-1-1-1,Reference,#000000
GCA_001655515,1,1,1,1,1,1-1-1-1-1,Reference,#000000
GCA_001712895,1,1,1,1,1,1-1-1-1-1,Reference,#000000
GCA_001712915,1,1,1,1,1,1-1-1-1-1,Reference,#000000
GCA_001712955,1,1,1,1,1,1-1-1-1-1,Reference,#000000
GCA_001712975,1,1,1,1,1,1-1-1-1-1,Reference,#000000
GCA_001712995,1,1,1,1,1,1-1-1-1-1,Reference,#000000
GCA_001713015,1,1,1,1,1,1-1-1-1-1,Reference,#000000
GCA_001713055,1,1,1,1,1,1-1-1-1-1,Reference,#000000
GCA_001713095,1,1,1,1,1,1-1-1-1-1,Reference,#000000
GCA_001713115,1,1,1,1,1,1-1-1-1-1,Reference,#000000
GCA_001713135,1,1,1,1,1,1-1-1-1-1,Reference,#000000
GCA_001713155,1,1,1,1,1,1-1-1-1-1,Reference,#000000
GCA_001713175,1,1,1,1,1,1-1-1-1-1,Reference,#000000
GCA_001713195,1,1,1,1,1,1-1-1-1-1,Reference,#000000
GCA_001713215,1,1,1,1,1,1-1-1-1-1,Reference,#000000
GCA_001713235,1,1,1,1,1,1-1-1-1-1,Reference,#000000
GCA_001713255,1,1,1,1,1,1-1-1-1-1,Reference,#000000
GCA_001713275,1,1,1,1,1,1-1-1-1-1,Reference,#000000
GCA_001713295,1,1,1,1,1,1-1-1-1-1,Reference,#000000
GCA_001713315,1,1,1,1,1,1-1-1-1-1,Reference,#000000
GCA_001713335,1,1,1,1,1,1-1-1-1-1,Reference,#000000
GCA_001761515,1,1,1,1,1,1-1-1-1-1,Reference,#000000
GCA_001761565,1,1,1,1,1,1-1-1-1-1,Reference,#000000
GCA_003055985,1,1,1,1,1,1-1-1-1-1,Reference,#000000
GCA_005311045,1,1,1,1,1,1-1-1-1-1,Reference,#000000
GCA_005311065,2,2,2,2,2,2-2-2-2-2,Reference,#000000
GCA_005311085,3,2,2,2,2,3-2-2-2-2,Reference,#000000
GCA_005311145,1,1,1,1,1,1-1-1-1-1,Reference,#000000
GCA_005311165,1,1,1,1,1,1-1-1-1-1,Reference,#000000
GCA_005311185,1,1,1,1,1,1-1-1-1-1,Reference,#000000
GCA_005311205,1,1,1,1,1,1-1-1-1-1,Reference,#000000
GCA_005311445,2,2,2,2,2,2-2-2-2-2,Reference,#000000
GCA_005341485,1,1,1,1,1,1-1-1-1-1,Reference,#000000
GCA_005408385,1,1,1,1,1,1-1-1-1-1,Reference,#000000
GCA_005408405,1,1,1,1,1,1-1-1-1-1,Reference,#000000
GCA_005885795,1,1,1,1,1,1-1-1-1-1,Reference,#000000
GCA_009017435,1,1,1,1,1,1-1-1-1-1,Reference,#000000
GCA_009017475,1,1,1,1,1,1-1-1-1-1,Reference,#000000
GCA_015239375,1,1,1,1,1,1-1-1-1-1,Reference,#000000
GCA_015239395,1,1,1,1,1,1-1-1-1-1,Reference,#000000
GCA_018199035,1,1,1,1,1,1-1-1-1-1,Reference,#000000
GCA_018199075,1,1,1,1,1,1-1-1-1-1,Reference,#000000
GCA_018199115,2,2,2,2,2,2-2-2-2-2,Reference,#000000
GCA_018199255,1,1,1,1,1,1-1-1-1-1,Reference,#000000
GCA_018199335,1,1,1,1,1,1-1-1-1-1,Reference,#000000
GCA_018199375,1,1,1,1,1,1-1-1-1-1,Reference,#000000
GCA_018199415,23,2,2,2,2,23-2-2-2-2,Reference,#000000
GCA_018199435,1,1,1,1,1,1-1-1-1-1,Reference,#000000
GCA_018199455,1,1,1,1,1,1-1-1-1-1,Reference,#000000
GCA_018199475,1,1,1,1,1,1-1-1-1-1,Reference,#000000
GCA_018199495,1,1,1,1,1,1-1-1-1-1,Reference,#000000
GCA_018199515,1,1,1,1,1,1-1-1-1-1,Reference,#000000
GCA_018199535,1,1,1,1,1,1-1-1-1-1,Reference,#000000
GCA_018199555,1,1,1,1,1,1-1-1-1-1,Reference,#000000
GCA_018199575,1,1,1,1,1,1-1-1-1-1,Reference,#000000
GCA_018199595,1,1,1,1,1,1-1-1-1-1,Reference,#000000
GCA_018199615,1,1,1,1,1,1-1-1-1-1,Reference,#000000
GCA_018199635,1,1,1,1,1,1-1-1-1-1,Reference,#000000
GCA_018199735,1,1,1,1,1,1-1-1-1-1,Reference,#000000
GCA_018199835,1,1,1,1,1,1-1-1-1-1,Reference,#000000
GCA_018199875,1,1,1,1,1,1-1-1-1-1,Reference,#000000
GCA_018199895,1,1,1,1,1,1-1-1-1-1,Reference,#000000
GCA_018199915,1,1,1,1,1,1-1-1-1-1,Reference,#000000
GCA_018199935,1,1,1,1,1,1-1-1-1-1,Reference,#000000
GCA_018200055,3,2,2,2,2,3-2-2-2-2,Reference,#000000
GCA_018200075,3,2,2,2,2,3-2-2-2-2,Reference,#000000
GCA_018200115,3,2,2,2,2,3-2-2-2-2,Reference,#000000
GCA_018200135,4,3,3,3,3,4-3-3-3-3,Reference,#000000
GCA_018200155,3,2,2,2,2,3-2-2-2-2,Reference,#000000
GCA_018200175,4,3,3,3,3,4-3-3-3-3,Reference,#000000
GCA_018200355,3,2,2,2,2,3-2-2-2-2,Reference,#000000
GCA_018200375,3,2,2,2,2,3-2-2-2-2,Reference,#000000
GCA_018200445,3,2,2,2,2,3-2-2-2-2,Reference,#000000
GCA_018200535,3,2,2,2,2,3-2-2-2-2,Reference,#000000
GCA_018200635,4,3,3,3,3,4-3-3-3-3,Reference,#000000
GCA_018200795,3,2,2,2,2,3-2-2-2-2,Reference,#000000
GCA_018200875,3,2,2,2,2,3-2-2-2-2,Reference,#000000
GCA_018200935,3,2,2,2,2,3-2-2-2-2,Reference,#000000
GCA_018201115,3,2,2,2,2,3-2-2-2-2,Reference,#000000
GCA_018201195,3,2,2,2,2,3-2-2-2-2,Reference,#000000
GCA_018201215,3,2,2,2,2,3-2-2-2-2,Reference,#000000
GCA_018201255,4,3,3,3,3,4-3-3-3-3,Reference,#000000
GCA_018201275,3,2,2,2,2,3-2-2-2-2,Reference,#000000
GCA_018201295,3,2,2,2,2,3-2-2-2-2,Reference,#000000
GCA_018201315,4,3,3,3,3,4-3-3-3-3,Reference,#000000
GCA_018201335,4,3,3,3,3,4-3-3-3-3,Reference,#000000
GCA_018201355,4,3,3,3,3,4-3-3-3-3,Reference,#000000
GCA_018201395,4,3,3,3,3,4-3-3-3-3,Reference,#000000
GCA_018201475,4,3,3,3,3,4-3-3-3-3,Reference,#000000
GCA_018201615,3,2,2,2,2,3-2-2-2-2,Reference,#000000
GCA_018201755,3,2,2,2,2,3-2-2-2-2,Reference,#000000
GCA_018201795,4,3,3,3,3,4-3-3-3-3,Reference,#000000
GCA_018201895,1,1,1,1,1,1-1-1-1-1,Reference,#000000
GCA_018201915,1,1,1,1,1,1-1-1-1-1,Reference,#000000
GCA_018202035,3,2,2,2,2,3-2-2-2-2,Reference,#000000
GCA_018202155,3,2,2,2,2,3-2-2-2-2,Reference,#000000
GCA_018202175,4,3,3,3,3,4-3-3-3-3,Reference,#000000
GCA_018202195,4,3,3,3,3,4-3-3-3-3,Reference,#000000
GCA_018202255,1,1,1,1,1,1-1-1-1-1,Reference,#000000
GCA_018202315,1,1,1,1,1,1-1-1-1-1,Reference,#000000
GCA_018202515,3,2,2,2,2,3-2-2-2-2,Reference,#000000
GCA_018202535,1,1,1,1,1,1-1-1-1-1,Reference,#000000
GCA_018202555,4,3,3,3,3,4-3-3-3-3,Reference,#000000
GCA_018202575,1,1,1,1,1,1-1-1-1-1,Reference,#000000
GCA_018202595,4,3,3,3,3,4-3-3-3-3,Reference,#000000
GCA_018202615,3,2,2,2,2,3-2-2-2-2,Reference,#000000
GCA_018202635,1,1,1,1,1,1-1-1-1-1,Reference,#000000
GCA_018202695,1,1,1,1,1,1-1-1-1-1,Reference,#000000
GCA_018202735,3,2,2,2,2,3-2-2-2-2,Reference,#000000
GCA_018202755,6,2,2,2,2,6-2-2-2-2,Reference,#000000
GCA_018202775,3,2,2,2,2,3-2-2-2-2,Reference,#000000
GCA_018202795,3,2,2,2,2,3-2-2-2-2,Reference,#000000
GCA_018202835,4,3,3,3,3,4-3-3-3-3,Reference,#000000
GCA_018202875,4,3,3,3,3,4-3-3-3-3,Reference,#000000
GCA_018202895,4,3,3,3,3,4-3-3-3-3,Reference,#000000
GCA_018202935,1,1,1,1,1,1-1-1-1-1,Reference,#000000
GCA_018202955,3,2,2,2,2,3-2-2-2-2,Reference,#000000
GCA_018202975,1,1,1,1,1,1-1-1-1-1,Reference,#000000
GCA_018203015,1,1,1,1,1,1-1-1-1-1,Reference,#000000
GCA_018203035,3,2,2,2,2,3-2-2-2-2,Reference,#000000
GCA_018203055,3,2,2,2,2,3-2-2-2-2,Reference,#000000
GCA_018203075,3,2,2,2,2,3-2-2-2-2,Reference,#000000
GCA_018203095,3,2,2,2,2,3-2-2-2-2,Reference,#000000
GCA_018203135,1,1,1,1,1,1-1-1-1-1,Reference,#000000
GCA_018203155,3,2,2,2,2,3-2-2-2-2,Reference,#000000
GCA_018203175,3,2,2,2,2,3-2-2-2-2,Reference,#000000
GCA_018203195,3,2,2,2,2,3-2-2-2-2,Reference,#000000
GCA_018203215,3,2,2,2,2,3-2-2-2-2,Reference,#000000
GCA_018203235,3,2,2,2,2,3-2-2-2-2,Reference,#000000
GCA_018203255,4,3,3,3,3,4-3-3-3-3,Reference,#000000
GCA_018203275,4,3,3,3,3,4-3-3-3-3,Reference,#000000
GCA_018203295,4,3,3,3,3,4-3-3-3-3,Reference,#000000
GCA_018203315,4,3,3,3,3,4-3-3-3-3,Reference,#000000
GCA_018203335,4,3,3,3,3,4-3-3-3-3,Reference,#000000
GCA_018203355,4,3,3,3,3,4-3-3-3-3,Reference,#000000
GCA_018203375,3,2,2,2,2,3-2-2-2-2,Reference,#000000
GCA_018203395,3,2,2,2,2,3-2-2-2-2,Reference,#000000
GCA_018203415,3,2,2,2,2,3-2-2-2-2,Reference,#000000
GCA_018203495,3,2,2,2,2,3-2-2-2-2,Reference,#000000
GCA_018203535,3,2,2,2,2,3-2-2-2-2,Reference,#000000
GCA_018203555,4,3,3,3,3,4-3-3-3-3,Reference,#000000
GCA_018203595,4,3,3,3,3,4-3-3-3-3,Reference,#000000
GCA_018203615,1,1,1,1,1,1-1-1-1-1,Reference,#000000
GCA_018203635,1,1,1,1,1,1-1-1-1-1,Reference,#000000
GCA_018203695,1,1,1,1,1,1-1-1-1-1,Reference,#000000
GCA_018203715,1,1,1,1,1,1-1-1-1-1,Reference,#000000
GCA_018203735,1,1,1,1,1,1-1-1-1-1,Reference,#000000
GCA_018203755,1,1,1,1,1,1-1-1-1-1,Reference,#000000
GCA_018203775,1,1,1,1,1,1-1-1-1-1,Reference,#000000
GCA_018203795,1,1,1,1,1,1-1-1-1-1,Reference,#000000
GCA_018203815,1,1,1,1,1,1-1-1-1-1,Reference,#000000
GCA_018203835,1,1,1,1,1,1-1-1-1-1,Reference,#000000
GCA_018203855,1,1,1,1,1,1-1-1-1-1,Reference,#000000
GCA_018203875,1,1,1,1,1,1-1-1-1-1,Reference,#000000
GCA_018203895,1,1,1,1,1,1-1-1-1-1,Reference,#000000
GCA_018203915,1,1,1,1,1,1-1-1-1-1,Reference,#000000
GCA_018203935,1,1,1,1,1,1-1-1-1-1,Reference,#000000
GCA_018203955,13,9,1,1,1,13-9-1-1-1,Reference,#000000
GCA_018203975,1,1,1,1,1,1-1-1-1-1,Reference,#000000
GCA_018203995,1,1,1,1,1,1-1-1-1-1,Reference,#000000
GCA_018204035,6,2,2,2,2,6-2-2-2-2,Reference,#000000
GCA_018204055,1,1,1,1,1,1-1-1-1-1,Reference,#000000
GCA_018204075,1,1,1,1,1,1-1-1-1-1,Reference,#000000
GCA_018204095,1,1,1,1,1,1-1-1-1-1,Reference,#000000
GCA_018204115,1,1,1,1,1,1-1-1-1-1,Reference,#000000
GCA_018204135,1,1,1,1,1,1-1-1-1-1,Reference,#000000
GCA_018204155,1,1,1,1,1,1-1-1-1-1,Reference,#000000
GCA_018204175,1,1,1,1,1,1-1-1-1-1,Reference,#000000
GCA_018204195,1,1,1,1,1,1-1-1-1-1,Reference,#000000
GCA_018204235,1,1,1,1,1,1-1-1-1-1,Reference,#000000
GCA_018204255,1,1,1,1,1,1-1-1-1-1,Reference,#000000
GCA_018204275,1,1,1,1,1,1-1-1-1-1,Reference,#000000
GCA_018204295,1,1,1,1,1,1-1-1-1-1,Reference,#000000
GCA_018204315,1,1,1,1,1,1-1-1-1-1,Reference,#000000
GCA_018204335,1,1,1,1,1,1-1-1-1-1,Reference,#000000
GCA_018204355,6,2,2,2,2,6-2-2-2-2,Reference,#000000
GCA_018204375,1,1,1,1,1,1-1-1-1-1,Reference,#000000
GCA_018204395,1,1,1,1,1,1-1-1-1-1,Reference,#000000
GCA_018204415,1,1,1,1,1,1-1-1-1-1,Reference,#000000
GCA_018204495,1,1,1,1,1,1-1-1-1-1,Reference,#000000
GCA_018204595,1,1,1,1,1,1-1-1-1-1,Reference,#000000
GCA_018204755,1,1,1,1,1,1-1-1-1-1,Reference,#000000
GCA_018204935,1,1,1,1,1,1-1-1-1-1,Reference,#000000
GCA_018204975,1,1,1,1,1,1-1-1-1-1,Reference,#000000
GCA_018205215,1,1,1,1,1,1-1-1-1-1,Reference,#000000
GCA_018205235,1,1,1,1,1,1-1-1-1-1,Reference,#000000
GCA_018205255,1,1,1,1,1,1-1-1-1-1,Reference,#000000
GCA_018205275,1,1,1,1,1,1-1-1-1-1,Reference,#000000
GCA_018205375,1,1,1,1,1,1-1-1-1-1,Reference,#000000
GCA_018205495,1,1,1,1,1,1-1-1-1-1,Reference,#000000
GCA_018206135,1,1,1,1,1,1-1-1-1-1,Reference,#000000
GCA_018206355,1,1,1,1,1,1-1-1-1-1,Reference,#000000
GCA_018206585,1,1,1,1,1,1-1-1-1-1,Reference,#000000
GCA_018206745,1,1,1,1,1,1-1-1-1-1,Reference,#000000
GCA_018206955,1,1,1,1,1,1-1-1-1-1,Reference,#000000
GCA_018207135,1,1,1,1,1,1-1-1-1-1,Reference,#000000
GCA_018207195,1,1,1,1,1,1-1-1-1-1,Reference,#000000
GCA_018207275,1,1,1,1,1,1-1-1-1-1,Reference,#000000
GCA_018207315,1,1,1,1,1,1-1-1-1-1,Reference,#000000
GCA_018207435,1,1,1,1,1,1-1-1-1-1,Reference,#000000
GCA_018207455,1,1,1,1,1,1-1-1-1-1,Reference,#000000
GCA_018207475,1,1,1,1,1,1-1-1-1-1,Reference,#000000
GCA_018207495,1,1,1,1,1,1-1-1-1-1,Reference,#000000
GCA_018207775,1,1,1,1,1,1-1-1-1-1,Reference,#000000
GCA_019775755,4,3,3,3,3,4-3-3-3-3,Reference,#000000
GCA_023117035,15,7,7,6,5,15-7-7-6-5,Reference,#000000
GCA_025201055,2,2,2,2,2,2-2-2-2-2,Reference,#000000
GCA_025201075,2,2,2,2,2,2-2-2-2-2,Reference,#000000
GCA_025201095,1,1,1,1,1,1-1-1-1-1,Reference,#000000
GCA_025201115,1,1,1,1,1,1-1-1-1-1,Reference,#000000
GCA_025201135,2,2,2,2,2,2-2-2-2-2,Reference,#000000
GCA_025201195,1,1,1,1,1,1-1-1-1-1,Reference,#000000
GCA_025201215,1,1,1,1,1,1-1-1-1-1,Reference,#000000
GCA_025201315,1,1,1,1,1,1-1-1-1-1,Reference,#000000
GCA_025398415,1,1,1,1,1,1-1-1-1-1,Reference,#000000
GCA_025398475,1,1,1,1,1,1-1-1-1-1,Reference,#000000
GCA_025398495,1,1,1,1,1,1-1-1-1-1,Reference,#000000
GCA_025398515,1,1,1,1,1,1-1-1-1-1,Reference,#000000
GCA_025398555,1,1,1,1,1,1-1-1-1-1,Reference,#000000
GCA_025398575,23,2,2,2,2,23-2-2-2-2,Reference,#000000
GCA_025398635,1,1,1,1,1,1-1-1-1-1,Reference,#000000
GCA_025398655,1,1,1,1,1,1-1-1-1-1,Reference,#000000
GCA_026409385,4,3,3,3,3,4-3-3-3-3,Reference,#000000
GCA_026409445,4,3,3,3,3,4-3-3-3-3,Reference,#000000
GCA_026409525,1,1,1,1,1,1-1-1-1-1,Reference,#000000
GCA_026409545,1,1,1,1,1,1-1-1-1-1,Reference,#000000
GCA_026409605,3,2,2,2,2,3-2-2-2-2,Reference,#000000
GCA_026409825,3,2,2,2,2,3-2-2-2-2,Reference,#000000
GCA_026409845,3,2,2,2,2,3-2-2-2-2,Reference,#000000
GCA_026409865,3,2,2,2,2,3-2-2-2-2,Reference,#000000
GCA_026409885,3,2,2,2,2,3-2-2-2-2,Reference,#000000
GCA_026409945,3,2,2,2,2,3-2-2-2-2,Reference,#000000
GCA_027568595,1,1,1,1,1,1-1-1-1-1,Reference,#000000
GCA_027568615,1,1,1,1,1,1-1-1-1-1,Reference,#000000
GCA_027568635,1,1,1,1,1,1-1-1-1-1,Reference,#000000
GCA_027568655,1,1,1,1,1,1-1-1-1-1,Reference,#000000
GCA_027568675,1,1,1,1,1,1-1-1-1-1,Reference,#000000
GCA_027568695,1,1,1,1,1,1-1-1-1-1,Reference,#000000
GCA_027568735,2,2,2,2,2,2-2-2-2-2,Reference,#000000
GCA_027568755,1,1,1,1,1,1-1-1-1-1,Reference,#000000
GCA_027568775,1,1,1,1,1,1-1-1-1-1,Reference,#000000
GCA_027568795,2,2,2,2,2,2-2-2-2-2,Reference,#000000
GCA_027568815,1,1,1,1,1,1-1-1-1-1,Reference,#000000
GCA_027568835,2,2,2,2,2,2-2-2-2-2,Reference,#000000
GCA_027568875,1,1,1,1,1,1-1-1-1-1,Reference,#000000
GCA_027626055,1,1,1,1,1,1-1-1-1-1,Reference,#000000
GCA_027626095,1,1,1,1,1,1-1-1-1-1,Reference,#000000
GCA_027626115,2,2,2,2,2,2-2-2-2-2,Reference,#000000
GCA_027626135,1,1,1,1,1,1-1-1-1-1,Reference,#000000
GCA_027626155,2,2,2,2,2,2-2-2-2-2,Reference,#000000
GCA_027626175,1,1,1,1,1,1-1-1-1-1,Reference,#000000
GCA_027626195,2,2,2,2,2,2-2-2-2-2,Reference,#000000
GCA_027626215,2,2,2,2,2,2-2-2-2-2,Reference,#000000
GCA_027626235,2,2,2,2,2,2-2-2-2-2,Reference,#000000
GCA_027626255,2,2,2,2,2,2-2-2-2-2,Reference,#000000
GCA_027626275,1,1,1,1,1,1-1-1-1-1,Reference,#000000
GCA_027626295,2,2,2,2,2,2-2-2-2-2,Reference,#000000
GCA_027626435,1,1,1,1,1,1-1-1-1-1,Reference,#000000
GCA_027626475,1,1,1,1,1,1-1-1-1-1,Reference,#000000
GCA_027626515,1,1,1,1,1,1-1-1-1-1,Reference,#000000
GCA_027626535,1,1,1,1,1,1-1-1-1-1,Reference,#000000
GCA_027626575,19,2,2,2,2,19-2-2-2-2,Reference,#000000
GCA_027626595,2,2,2,2,2,2-2-2-2-2,Reference,#000000
GCA_027626615,2,2,2,2,2,2-2-2-2-2,Reference,#000000
GCA_027626675,1,1,1,1,1,1-1-1-1-1,Reference,#000000
GCA_027626695,19,2,2,2,2,19-2-2-2-2,Reference,#000000
GCA_027626715,2,2,2,2,2,2-2-2-2-2,Reference,#000000
GCA_027626735,2,2,2,2,2,2-2-2-2-2,Reference,#000000
GCA_027626775,1,1,1,1,1,1-1-1-1-1,Reference,#000000
GCA_027626795,1,1,1,1,1,1-1-1-1-1,Reference,#000000
GCA_027626815,1,1,1,1,1,1-1-1-1-1,Reference,#000000
GCA_027626835,2,2,2,2,2,2-2-2-2-2,Reference,#000000
GCA_027626875,1,1,1,1,1,1-1-1-1-1,Reference,#000000
GCA_027626895,2,2,2,2,2,2-2-2-2-2,Reference,#000000
GCA_027626915,1,1,1,1,1,1-1-1-1-1,Reference,#000000
GCA_027626935,1,1,1,1,1,1-1-1-1-1,Reference,#000000
GCA_027626955,2,2,2,2,2,2-2-2-2-2,Reference,#000000
GCA_029201305,1,1,1,1,1,1-1-1-1-1,Reference,#000000
GCA_029201325,1,1,1,1,1,1-1-1-1-1,Reference,#000000
GCA_029201345,1,1,1,1,1,1-1-1-1-1,Reference,#000000
GCA_029201365,1,1,1,1,1,1-1-1-1-1,Reference,#000000
GCA_029201385,1,1,1,1,1,1-1-1-1-1,Reference,#000000
GCA_029201405,1,1,1,1,1,1-1-1-1-1,Reference,#000000
GCA_029203245,1,1,1,1,1,1-1-1-1-1,Reference,#000000
GCA_029203265,1,1,1,1,1,1-1-1-1-1,Reference,#000000
GCA_029280605,1,1,1,1,1,1-1-1-1-1,Reference,#000000
GCA_029280625,1,1,1,1,1,1-1-1-1-1,Reference,#000000
GCA_029280645,1,1,1,1,1,1-1-1-1-1,Reference,#000000
GCA_029280665,1,1,1,1,1,1-1-1-1-1,Reference,#000000
GCA_029280685,1,1,1,1,1,1-1-1-1-1,Reference,#000000
GCA_029280705,1,1,1,1,1,1-1-1-1-1,Reference,#000000
GCA_029280725,1,1,1,1,1,1-1-1-1-1,Reference,#000000
GCA_029280905,1,1,1,1,1,1-1-1-1-1,Reference,#000000
GCA_029281045,1,1,1,1,1,1-1-1-1-1,Reference,#000000
GCA_029281205,1,1,1,1,1,1-1-1-1-1,Reference,#000000
GCA_029281265,1,1,1,1,1,1-1-1-1-1,Reference,#000000
GCA_029281285,1,1,1,1,1,1-1-1-1-1,Reference,#000000
GCA_029281325,1,1,1,1,1,1-1-1-1-1,Reference,#000000
GCA_029281345,1,1,1,1,1,1-1-1-1-1,Reference,#000000
GCA_029281365,1,1,1,1,1,1-1-1-1-1,Reference,#000000
GCA_029958725,1,1,1,1,1,1-1-1-1-1,Reference,#000000
GCA_029958745,1,1,1,1,1,1-1-1-1-1,Reference,#000000
GCA_029958765,1,1,1,1,1,1-1-1-1-1,Reference,#000000
GCA_029958805,1,1,1,1,1,1-1-1-1-1,Reference,#000000
GCA_029958825,1,1,1,1,1,1-1-1-1-1,Reference,#000000
GCA_029958865,1,1,1,1,1,1-1-1-1-1,Reference,#000000
GCA_030008115,1,1,1,1,1,1-1-1-1-1,Reference,#000000
GCA_030008135,1,1,1,1,1,1-1-1-1-1,Reference,#000000
GCA_030008155,2,2,2,2,2,2-2-2-2-2,Reference,#000000
GCA_030008175,19,2,2,2,2,19-2-2-2-2,Reference,#000000
GCA_030008195,1,1,1,1,1,1-1-1-1-1,Reference,#000000
GCA_030008215,1,1,1,1,1,1-1-1-1-1,Reference,#000000
GCA_030008315,13,9,1,1,1,13-9-1-1-1,Reference,#000000
GCA_030008335,1,1,1,1,1,1-1-1-1-1,Reference,#000000
GCA_030008435,2,2,2,2,2,2-2-2-2-2,Reference,#000000
GCA_030008555,2,2,2,2,2,2-2-2-2-2,Query,#ff0000
GCA_030008655,2,2,2,2,2,2-2-2-2-2,Query,#ff0000
GCA_030008695,1,1,1,1,1,1-1-1-1-1,Query,#ff0000
GCA_030008715,1,1,1,1,1,1-1-1-1-1,Query,#ff0000
GCA_030008755,2,2,2,2,2,2-2-2-2-2,Query,#ff0000
GCA_030008795,1,1,1,1,1,1-1-1-1-1,Query,#ff0000
GCA_030028295,1,1,1,1,1,1-1-1-1-1,Query,#ff0000
GCA_030384625,1,1,1,1,1,1-1-1-1-1,Query,#ff0000
GCA_032599045,1,1,1,1,1,1-1-1-1-1,Query,#ff0000
GCA_032599325,1,1,1,1,1,1-1-1-1-1,Query,#ff0000
GCA_032599365,1,1,1,1,1,1-1-1-1-1,Query,#ff0000
GCA_032600165,1,1,1,1,1,1-1-1-1-1,Query,#ff0000
GCA_032918065,2,2,2,2,2,2-2-2-2-2,Query,#ff0000
GCA_032918105,2,2,2,2,2,2-2-2-2-2,Query,#ff0000
GCA_034093375,1,1,1,1,1,1-1-1-1-1,Query,#ff0000
GCA_034093455,1,1,1,1,1,1-1-1-1-1,Query,#ff0000
GCA_034093955,1,1,1,1,1,1-1-1-1-1,Query,#ff0000
GCA_034096905,1,1,1,1,1,1-1-1-1-1,Query,#ff0000
GCA_034096975,1,1,1,1,1,1-1-1-1-1,Query,#ff0000
GCA_034096995,1,1,1,1,1,1-1-1-1-1,Query,#ff0000
GCA_034097115,1,1,1,1,1,1-1-1-1-1,Query,#ff0000
GCA_034097275,1,1,1,1,1,1-1-1-1-1,Query,#ff0000
GCA_034097355,1,1,1,1,1,1-1-1-1-1,Query,#ff0000
GCA_037761415,1,1,1,1,1,1-1-1-1-1,Query,#ff0000
GCA_903234185,11,8,8,7,4,11-8-8-7-4,Query,#ff0000
GCA_903469575,25,5,5,4,4,25-5-5-4-4,Query,#ff0000
GCA_903469595,25,5,5,4,4,25-5-5-4-4,Query,#ff0000
GCA_903469605,11,8,8,7,4,11-8-8-7-4,Query,#ff0000
SRR13721290,8,4,4,5,2,8-4-4-5-2,Query,#ff0000
SRR3268722,5,1,1,1,1,5-1-1-1-1,Query,#ff0000
